{
  "threshold": 0.86,
  "accuracy": 0.36486486486486486,
  "recall_0": 1.0,
  "precision_0": 0.27692307692307694,
  "f1_0": 0.43373493975903615,
  "recall_1": 0.16071428571428573,
  "precision_1": 1.0,
  "f1_1": 0.27692307692307694,
  "confusion_matrix": [
    [
      18,
      0
    ],
    [
      47,
      9
    ]
  ],
  "n_test": 74
}